<?xml version="1.0" encoding="UTF-8" ?>
<!DOCTYPE mapper
PUBLIC "-//mybatis.org//DTD Mapper 3.0//EN"
"http://mybatis.org/dtd/mybatis-3-mapper.dtd">
<mapper namespace="com.ruoyi.project.system.dict.mapper.DictTypeMapper">

	<resultMap type="DictType" id="DictTypeResult">
		<id     property="dictId"     column="dict_id"     />
		<result property="dictName"   column="dict_name"   />
		<result property="dictType"   column="dict_type"   />
		<result property="status"     column="status"      />
		<result property="createBy"   column="create_by"   />
		<result property="createTime" column="create_time" />
		<result property="updateBy"   column="update_by"   />
		<result property="updateTime" column="update_time" />
	</resultMap>
	

	<select id="selectDictTypeList" parameterType="DictType" resultMap="DictTypeResult">
		select dict_id, dict_name, dict_type, status, create_by, create_time, remark  from sys_dict_type
		<where>
			<if test="searchValue != null and searchValue != ''">
				AND dict_name = #{searchValue} OR dict_type = #{searchValue}
			</if>
		</where>
	</select>
	
	<select id="selectDictTypeById" parameterType="Long" resultMap="DictTypeResult">
		select dict_id, dict_name, dict_type, status, create_by, create_time, remark
		from sys_dict_type
		where dict_id = #{dictId}
	</select>
	
	<select id="checkDictTypeUnique" parameterType="String" resultMap="DictTypeResult">
		select dict_id, dict_name, dict_type, status, create_by, create_time, remark
		from sys_dict_type
		where dict_type = #{dictType}
	</select>
	
	<delete id="deleteDictTypeById" parameterType="Long">
 		delete from sys_dict_type where dict_id = #{dictId}
 	</delete>
	
	<delete id="batchDeleteDictType" parameterType="Long">
 		delete from sys_dict_type where dict_id in
 		<foreach collection="array" item="dictId" open="(" separator="," close=")">
 			#{dictId}
        </foreach> 
 	</delete>

 	<update id="updateDictType" parameterType="DictType">
 		update sys_dict_type
 		<set>
 			<if test="dictName != null and dictName != ''">dict_name = #{dictName},</if>
 			<if test="dictType != null and dictType != ''">dict_type = #{dictType},</if>
 			<if test="status != null">status = #{status},</if>
 			<if test="remark != null and remark != ''">remark = #{remark},</if>
 			<if test="updateBy != null and updateBy != ''">update_by = #{updateBy},</if>
 			update_time = sysdate()
 		</set>
 		where 1=1
 		<if test="dictId != null and dictId  != ''">and dict_id = #{dictId}</if>
	</update>
 	
 	<insert id="insertDictType" parameterType="DictType">
 		insert into sys_dict_type(
 			<if test="dictName != null and dictName != ''">dict_name,</if>
 			<if test="dictType != null and dictType != ''">dict_type,</if>
 			<if test="status != null">status,</if>
 			<if test="remark != null and remark != ''">remark,</if>
 			<if test="createBy != null and createBy != ''">create_by,</if>
 			create_time
 		)values(
 			<if test="dictName != null and dictName != ''">#{dictName},</if>
 			<if test="dictType != null and dictType != ''">#{dictType},</if>
 			<if test="status != null">#{status},</if>
 			<if test="remark != null and remark != ''">#{remark},</if>
 			<if test="createBy != null and createBy != ''">#{createBy},</if>
 			sysdate()
 		)
	</insert>
	
</mapper> 