<?xml version="1.0" encoding="UTF-8" ?>
<!DOCTYPE mapper
PUBLIC "-//mybatis.org//DTD Mapper 3.0//EN"
"http://mybatis.org/dtd/mybatis-3-mapper.dtd">
<mapper namespace="com.ruoyi.project.monitor.operlog.mapper.OperLogMapper">

	<resultMap type="OperLog" id="OperLogResult">
		<id     property="operId"         column="oper_id"       />
		<result property="title"          column="title"         />
		<result property="action"         column="action"        />
		<result property="method"         column="method"        />
		<result property="channel"        column="channel"       />
		<result property="loginName"      column="login_name"    />
		<result property="deptName"       column="dept_name"     />
		<result property="operUrl"        column="oper_url"     />
		<result property="operIp"         column="oper_ip"      />
		<result property="operParam"      column="oper_param"    />
		<result property="status"         column="status"        />
		<result property="errorMsg"       column="error_msg"     />
		<result property="operTime"       column="oper_time"     />
	</resultMap>

	<insert id="insertOperlog" parameterType="OperLog">
		insert into sys_oper_log(title, action, method, channel, login_name, dept_name, oper_url, oper_ip, oper_param, status, error_msg) 
        values (#{title}, #{action}, #{method}, #{channel}, #{loginName}, #{deptName}, #{operUrl}, #{operIp}, #{operParam}, #{status}, #{errorMsg})
	</insert>
	
	<select id="selectOperLogList" parameterType="OperLog" resultMap="OperLogResult">
		select * from sys_oper_log
		<where>
			<if test="searchValue != null and searchValue != ''">
				AND login_name = #{searchValue}
			</if>
		</where>
	</select>
	
	<delete id="batchDeleteOperLog" parameterType="Integer">
 		delete from sys_oper_log where oper_id in
 		<foreach collection="array" item="operId" open="(" separator="," close=")">
 			#{operId}
        </foreach> 
 	</delete>
 	
 	<select id="selectOperLogById" parameterType="Long" resultMap="OperLogResult">
		select  *
		from sys_oper_log
		where oper_id = #{operId}
	</select>

</mapper> 